"","A","W","Delta"
"1",1,0.563418206648807,1
"2",1,0.710490213324552,1
"3",0,0.272394537903813,1
"4",0,0.635119648673711,1
"5",1,0.368913037301166,1
"6",1,0.678435449759229,1
"7",1,0.610156617809031,1
"8",1,0.329731696877261,1
"9",1,0.158662535385075,1
"10",1,0.548467559902474,1
"11",0,0.269576352372457,1
"12",0,0.446179996999174,1
"13",1,0.716622175125743,1
"14",0,0.489514631231873,1
"15",1,0.483141275947572,1
"16",0,0.395402777740932,1
"17",1,0.508695528553803,1
"18",0,0.577356002558908,1
"19",0,0.886220479693762,1
"20",1,0.782587150665471,1
"21",0,0.414008366984712,1
"22",1,0.108727920743643,1
"23",0,0.56472801087946,1
"24",0,0.467172896623904,1
"25",0,0.671929075074949,1
"26",1,0.898856970815865,1
"27",1,0.140340957268993,1
"28",1,0.927125633697935,1
"29",1,0.495185204738166,1
"30",1,0.356955511785731,1
"31",0,0.159643156665818,1
"32",0,0.5211556296885,1
"33",0,0.452945929194058,1
"34",1,0.790769412097353,1
"35",0,0.389449899182519,1
"36",1,0.465536411744274,1
"37",1,0.878865545685477,1
"38",1,0.487678685267003,1
"39",1,0.468916937587085,1
"40",0,0.113246496617046,1
"41",0,0.350463552800979,1
"42",0,0.74304977979168,1
"43",1,0.141074067904996,1
"44",1,0.496019714448131,1
"45",1,0.456057192289345,1
"46",0,0.144624120116215,1
"47",0,0.77817232209524,1
"48",1,0.330064192369572,1
"49",0,0.179149174881386,1
"50",1,0.44743914187759,1
"51",0,0.51037728838902,1
"52",1,0.430902908350662,1
"53",1,0.624229495765089,1
"54",1,0.10102770589555,1
"55",0,0.746846027447926,1
"56",0,0.501026008667542,1
"57",1,0.434651909023578,1
"58",1,0.162593590946852,1
"59",0,0.845605734321674,1
"60",1,0.739535729122733,1
"61",1,0.320835545604961,1
"62",1,0.738737884891683,1
"63",0,0.434716001786778,1
"64",0,0.180678541053185,1
"65",0,0.459721967322304,1
"66",1,0.520985442040209,1
"67",1,0.515009536358317,1
"68",0,0.370746779363935,1
"69",1,0.333533325330977,1
"70",0,0.337531112194246,1
"71",1,0.898136952445578,1
"72",0,0.438050115102242,1
"73",1,0.460535849281648,1
"74",0,0.44821337873355,1
"75",0,0.735859274086245,1
"76",0,0.91963650714656,1
"77",0,0.241703463242618,1
"78",1,0.640703928607613,1
"79",1,0.566377054662146,1
"80",1,0.618826138468172,1
"81",0,0.629525879838435,1
"82",1,0.885900794753662,1
"83",1,0.298142561527792,1
"84",1,0.468041409982552,1
"85",0,0.41158735696779,1
"86",1,0.483345411897352,1
"87",0,0.614391374189492,1
"88",0,0.749115536647653,1
"89",0,0.322667895510719,1
"90",0,0.444890886858218,1
"91",1,0.631343969327791,1
"92",1,0.720588923721956,1
"93",1,0.69050542825971,1
"94",0,0.309429984571046,1
"95",1,0.829664547386453,1
"96",1,0.301933488412322,1
"97",0,0.777104629479656,1
"98",1,0.19810634112323,1
"99",1,0.451742009168683,1
"100",0,0.526151519429421,1
"101",1,0.379818681965616,1
"102",0,0.336409690776164,1
"103",1,0.484137415586051,1
"104",0,0.466843114436676,1
"105",0,0.309806383198313,1
"106",0,0.282657690418577,1
"107",1,0.910949673045773,1
"108",0,0.330725442129824,1
"109",0,0.849951217193595,1
"110",0,0.000759765901981078,1
"111",0,0.53587524312823,1
"112",1,0.688521005656834,1
"113",1,0.343559059239651,1
"114",0,0.640019312860997,1
"115",0,0.850388426415943,1
"116",0,0.332720759606339,1
"117",1,0.367929197554915,1
"118",1,0.485084754757549,1
"119",0,0.306395438398699,1
"120",1,0.444254842608953,1
"121",0,0.749390794799402,1
"122",0,0.582704496775495,1
"123",1,0.49231288716753,1
"124",1,0.872691630863196,1
"125",0,0.769784543802122,1
"126",1,0.812813602431893,1
"127",0,0.71504914130874,1
"128",1,0.431325579648286,1
"129",1,0.0760136238821532,1
"130",0,0.346210397692044,1
"131",0,0.0435166092191527,1
"132",0,0.72945103937765,1
"133",1,0.394960661324415,1
"134",0,0.489392384650909,1
"135",0,0.353540226312162,1
"136",1,0.306376097133173,1
"137",1,0.315501673567744,1
"138",1,0.0073851346739671,1
"139",0,0.327188742411478,1
"140",1,0.314468214417099,1
"141",1,0.35134093247716,1
"142",0,0.0643000806986485,1
"143",0,0.641569598412693,1
"144",0,0.259457512605877,1
"145",0,0.899748172123806,1
"146",1,0.411728495241553,1
"147",0,0.683838543646662,1
"148",0,0.484186289755615,1
"149",0,0.483324181834311,1
"150",0,0.668717921095163,1
"151",0,0.273901929360165,1
"152",0,0.463959068010007,1
"153",0,0.0871154315941108,1
"154",1,0.900373955850137,1
"155",1,0.602939923039489,1
"156",0,0.668316101417947,1
"157",1,0.513122562660418,1
"158",1,0.296554446006107,1
"159",0,0.17355817252096,1
"160",1,0.965219060478448,1
"161",0,0.32090473268445,1
"162",0,0.709791347045477,1
"163",1,0.666204669516922,1
"164",1,0.81950821393951,1
"165",0,0.486019830022576,1
"166",0,0.719841032855644,1
"167",0,0.40325070142412,1
"168",1,0.451525217557863,1
"169",0,0.578830288673589,1
"170",0,0.563293261642332,1
"171",0,0.481629351685989,1
"172",1,0.81831593953582,1
"173",1,0.293100043058347,1
"174",0,0.331513945898446,1
"175",0,0.693590456092728,1
"176",1,0.749138971771945,1
"177",1,0.858789824477072,1
"178",0,0.497963580957346,1
"179",1,0.64442744501808,1
"180",0,0.390976927581749,1
"181",1,0.334119486896921,1
"182",1,0.366983871691281,1
"183",1,0.508094300122839,1
"184",1,0.432240010464746,1
"185",1,0.262393495959202,1
"186",1,0.369740647147726,1
"187",0,0.148816238967008,1
"188",1,0.836561868262989,1
"189",1,0.397644557460366,1
"190",0,0.228049366592391,1
"191",1,0.531090916542553,1
"192",0,0.439417137084006,1
"193",1,0.483711142706897,1
"194",1,0.501761195720446,1
"195",0,0.88190987555295,1
"196",1,0.470321272162278,1
"197",0,0.652561583996785,1
"198",1,0.499272605183821,1
"199",1,0.374786307320451,1
"200",1,0.357112785365978,1
"201",0,0.501508063524584,1
"202",1,0.825782303090475,1
"203",0,0.0552534928965771,1
"204",0,0.875950389530085,1
"205",0,0.480580357777626,1
"206",1,0.782284865165013,1
"207",0,0.174437867490588,1
"208",0,0.401317650685965,1
"209",0,0.997273059075671,1
"210",0,0.727614062686167,1
"211",1,0.720902264886474,1
"212",0,0.270579846165587,1
"213",0,0.223826940381325,1
"214",1,0.382563560464256,1
"215",0,0.290586736114347,1
"216",0,0.666949921847929,1
"217",1,0.684412460323008,1
"218",1,0.342263858328676,1
"219",0,0.483626904960719,1
"220",0,0.82440739487219,1
"221",1,0.692487211058649,1
"222",0,0.494659429259235,1
"223",1,0.492590583059659,1
"224",0,0.157600273756305,1
"225",1,0.757038426591079,1
"226",1,0.321157228911926,1
"227",1,0.566414437126125,1
"228",1,0.625378854627519,1
"229",1,0.273772055779602,1
"230",0,0.1532642963199,1
"231",1,0.234060338594538,1
"232",0,0.867874449696894,1
"233",1,0.68492716336598,1
"234",1,0.226142211551129,1
"235",0,0.814578534636532,1
"236",1,0.298278537295307,1
"237",0,0.326825233938329,1
"238",1,0.0575455737183526,1
"239",0,0.504286705211847,1
"240",0,0.323431942393435,1
"241",0,0.28345170616485,1
"242",1,0.662702605650108,1
"243",0,0.819986814617713,1
"244",1,0.446164795086639,1
"245",1,0.336067019902925,1
"246",0,0.280576244423772,1
"247",0,0.538684530825312,1
"248",1,0.716442048905055,1
"249",0,0.811929366562795,1
"250",0,0.0674992225017548,1
"251",0,0.295228085496303,1
"252",0,0.678470502412194,1
"253",0,0.560356776250058,1
"254",0,0.34562609005325,1
"255",0,0.276269756569457,1
"256",0,0.551361974281973,1
"257",0,0.455848609106969,1
"258",0,0.00476559961876628,1
"259",0,0.0242490710930525,1
"260",1,0.688750726891701,1
"261",0,0.0931001953479449,1
"262",1,0.185485565295335,1
"263",1,0.393930280028651,1
"264",1,0.813094653967031,1
"265",0,0.327200879588374,1
"266",1,0.462373182038086,1
"267",0,0.898229668768455,1
"268",1,0.355359496489205,1
"269",0,0.779374619706913,1
"270",1,0.414067665998902,1
"271",1,0.409367500091426,1
"272",0,0.298555575482196,1
"273",0,0.55491265205547,1
"274",0,0.456313591735239,1
"275",1,0.613642250810508,1
"276",1,0.692373254035971,1
"277",0,0.491714901862056,1
"278",0,0.500711413098082,1
"279",0,0.582296938982425,1
"280",1,0.408656667640956,1
"281",1,0.747331253124436,1
"282",1,0.52396214539259,1
"283",0,0.436045961981133,1
"284",1,0.416333972969762,1
"285",1,0.423804399990701,1
"286",1,0.367015987650992,1
"287",0,0.485338606309831,1
"288",1,0.729023663800405,1
"289",0,0.49780146600888,1
"290",0,0.466748274372195,1
"291",1,0.168862818665051,1
"292",1,0.314671106458376,1
"293",0,0.857234842062224,1
"294",1,0.192544153190087,1
"295",0,0.32310500144232,1
"296",0,0.692154379825747,1
"297",0,0.68783526667301,1
"298",0,0.390237517048446,1
"299",1,0.674738342580253,1
"300",0,0.617791979505554,1
"301",0,0.945307676200528,1
"302",1,0.331532254690718,1
"303",0,0.520595469224199,1
"304",1,0.907689120036613,1
"305",1,0.327484168855634,1
"306",1,0.257830131593023,1
"307",1,0.350825795605239,1
"308",0,0.318901632003988,1
"309",1,0.259260189977655,1
"310",1,0.755223351496718,1
"311",0,0.44046772258548,1
"312",0,0.615143913392521,1
"313",0,0.752407371881354,1
"314",0,0.809044333427848,1
"315",0,0.584682923622896,1
"316",1,0.650965194851307,1
"317",0,0.169622968314899,1
"318",0,0.515921042299687,1
"319",0,0.586719407046092,1
"320",0,0.393520711469685,1
"321",0,0.288772621120167,1
"322",1,0.593289428201188,1
"323",1,0.500098795246193,1
"324",0,0.341167756902648,1
"325",1,0.320563064530555,1
"326",0,0.281899080727896,1
"327",1,0.484580788888778,1
"328",1,0.70174088918777,1
"329",1,0.158788635935508,1
"330",1,0.0280965406934989,1
"331",0,0.619057090492849,1
"332",0,0.909883849238612,1
"333",1,0.636745621582805,1
"334",1,0.594346833818967,1
"335",1,0.795692301985712,1
"336",0,0.522830890746348,1
"337",1,0.841029771838658,1
"338",0,0.294997619587071,1
"339",1,0.897180444536175,1
"340",0,0.299260540776705,1
"341",1,0.584294524523526,1
"342",1,0.205772472517497,1
"343",0,0.46169806987945,1
"344",1,0.389699141706301,1
"345",1,0.170824757620763,1
"346",0,0.334691246591321,1
"347",0,0.692625450050346,1
"348",1,0.738053188422976,1
"349",1,0.697439034678843,1
"350",0,0.770316424748185,1
"351",0,0.0799962259259403,1
"352",0,0.235718899949931,1
"353",1,0.333691803997478,1
"354",1,0.77646483938664,1
"355",1,0.212773245341609,1
"356",1,0.3864005172308,1
"357",1,0.698277571359609,1
"358",1,0.560535399953778,1
"359",1,0.444097992929368,1
"360",1,0.460019260202389,1
"361",1,0.22553158021624,1
"362",1,0.749428806144518,1
"363",0,0.605766541580233,1
"364",1,0.828866092444977,1
"365",1,0.278705843137142,1
"366",0,0.610021032449278,1
"367",1,0.0512181766787874,1
"368",0,0.85501010423067,1
"369",1,0.281533358264501,1
"370",0,0.836440550037243,1
"371",1,0.392802523903039,1
"372",0,0.377302504296933,1
"373",1,0.605992438469349,1
"374",0,0.4061604606298,1
"375",1,0.496733831443072,1
"376",1,0.680833892304645,1
"377",1,0.54075541357472,1
"378",0,0.225229659303925,1
"379",0,0.458939709138087,1
"380",0,0.886076726688523,1
"381",0,0.0690728439166389,1
"382",1,0.760820536073072,1
"383",1,0.867542760619587,1
"384",1,0.0132831154960132,1
"385",1,0.460580418193167,1
"386",1,0.482756147123643,1
"387",1,0.517894700618545,1
"388",1,0.537123626716417,1
"389",0,0.278124089038663,1
"390",1,0.459506768247784,1
"391",0,0.182597237022638,1
"392",1,0.289783060664084,1
"393",0,0.343898449710118,1
"394",1,0.458448941325426,1
"395",1,0.389226322961489,1
"396",1,0.342163018154285,1
"397",1,0.53118569873756,1
"398",1,0.450000713421962,1
"399",1,0.751292523971234,1
"400",0,0.490276220847781,1
"401",1,0.745774702169504,1
"402",0,0.636887265547931,1
"403",1,0.42383322833743,1
"404",1,0.273806248151545,1
"405",1,0.579938918578816,1
"406",1,0.360693218341626,1
"407",1,0.338380404180681,1
"408",0,0.522154547577692,1
"409",0,0.586721697342091,1
"410",1,0.833954490074137,1
"411",1,0.640471433729214,1
"412",0,0.393318359678643,1
"413",0,0.568131962245783,1
"414",0,0.509646561264242,1
"415",1,0.495767699473494,1
"416",1,0.896226321671385,1
"417",0,0.784539393119113,1
"418",0,0.626710113714718,1
"419",1,0.317733994020413,1
"420",1,0.675202003000123,1
"421",1,0.515993561401212,1
"422",1,0.561064000257118,1
"423",0,0.514265807841914,1
"424",0,0.631834453714264,1
"425",0,0.561609605601568,1
"426",0,0.606986950699575,1
"427",1,0.697640789332952,1
"428",1,0.399015601787896,1
"429",1,0.838155581526574,1
"430",0,0.492737583295944,1
"431",1,0.166483053147284,1
"432",1,0.40866123473541,1
"433",0,0.407407829537661,1
"434",1,0.331945655386573,1
"435",0,0.450391576892613,1
"436",1,0.349013109376877,1
"437",0,0.751195073077914,1
"438",0,0.482347115701612,1
"439",1,0.354065558006214,1
"440",1,0.862938237988201,1
"441",0,0.87404813523395,1
"442",0,0.873806239457364,1
"443",1,0.535435553979832,1
"444",1,0.478002881977888,1
"445",0,0.579926062798271,1
"446",0,0.460791700366934,1
"447",1,0.729024873005915,1
"448",1,0.480865720576522,1
"449",1,0.339484890066337,1
"450",0,0.709871625820722,1
"451",1,0.313585078907364,1
"452",0,0.744446125963768,1
"453",1,0.810152267288984,1
"454",1,1.0056841877914,1
"455",1,0.753674289648192,1
"456",1,0.469851294815417,1
"457",1,0.349523306218047,1
"458",0,0.575261710224535,1
"459",1,0.849850349793401,1
"460",0,0.33240032957928,1
"461",1,0.39144928551593,1
"462",0,0.748045938622213,1
"463",0,0.343835073419156,1
"464",1,0.400222709402026,1
"465",0,0.495645733148574,1
"466",1,0.484540836931601,1
"467",0,0.682974270543225,1
"468",0,0.583714481993962,1
"469",1,0.856003374694075,1
"470",1,0.571497858555995,1
"471",0,0.684897095266579,1
"472",1,0.548630932466757,1
"473",0,0.58268426896302,1
"474",1,0.540271928602238,1
"475",0,0.564962805663663,1
"476",1,0.553758052725311,1
"477",0,0.30762735310961,1
"478",1,0.517965952478394,1
"479",0,0.46280131138142,1
"480",0,0.74675231847617,1
"481",1,0.690444818903215,1
"482",0,0.569387993813025,1
"483",1,0.327136053513497,1
"484",0,0.321439893559484,1
"485",0,0.305002859098948,1
"486",1,0.515132593057877,1
"487",1,0.202822037259806,1
"488",0,0.397511006208098,1
"489",1,0.973812025019278,1
"490",1,0.614852065797079,1
"491",0,0.36328653142047,1
"492",1,0.660434970067314,1
"493",0,1.00916918213041,1
"494",0,0.273631493561907,1
"495",1,0.399373088090611,1
"496",1,0.354915233647637,1
"497",0,0.466303632138378,1
"498",1,0.744589139270002,1
"499",1,0.531785740367687,1
"500",1,0.521688230834155,1
"501",0,0.305298031494842,1
"502",0,0.893808152942054,1
"503",0,0.320160119711891,1
"504",1,0.288666740902241,1
"505",1,0.481963342226367,1
"506",0,0.312978019211239,1
"507",1,0.532783261435766,1
"508",1,0.798251173315498,1
"509",1,0.69844182945868,1
"510",1,0.752058248796119,1
"511",0,0.750268071646666,1
"512",0,0.645817625957033,1
"513",0,0.561006121647404,1
"514",1,0.678243184927225,1
"515",0,0.364171290723699,1
"516",1,0.522568083079524,1
"517",1,0.610948800021832,1
"518",0,0.312400976532315,1
"519",1,0.20070611708794,1
"520",1,0.357941609752035,1
"521",1,0.92672319503103,1
"522",0,0.40942897174714,1
"523",1,0.635291206439615,1
"524",1,0.679504036265745,1
"525",1,0.550587297543429,1
"526",1,0.727665501220906,1
"527",0,1.00635752717761,1
"528",1,0.177185626299977,1
"529",0,0.577930884753786,1
"530",0,0.792576083404518,1
"531",1,0.883961317945172,1
"532",0,0.603759715723676,1
"533",1,0.777082434653565,1
"534",1,0.880829264532119,1
"535",1,0.869501267210288,1
"536",0,0.412255186081649,1
"537",0,0.348742638119464,1
"538",1,0.332958970626583,1
"539",1,0.876407635326947,1
"540",1,0.819865597987332,1
"541",0,0.66756196426555,1
"542",0,0.476033595689084,1
"543",1,0.877922148546712,1
"544",1,0.866957805416861,1
"545",0,0.458045666173518,1
"546",0,0.556409926254921,1
"547",1,0.430739827183266,1
"548",1,0.358363687019314,1
"549",1,0.726136294576291,1
"550",0,0.504408590411833,1
"551",1,0.615988537277878,1
"552",1,0.641195333885534,1
"553",1,0.976298113198009,1
"554",1,0.458109297499494,1
"555",0,0.375570337660371,1
"556",1,0.577069924841824,1
"557",0,0.272782568786945,1
"558",1,0.767411025754799,1
"559",1,0.423115843031224,1
"560",1,0.829986830706939,1
"561",1,0.875548092224377,1
"562",0,0.444963758313073,1
"563",0,0.315527203872857,1
"564",0,0.421538151499272,1
"565",0,0.54050997284289,1
"566",1,0.332575825827398,1
"567",0,0.0359892032375461,1
"568",1,0.728000917300192,1
"569",0,0.457713788178,1
"570",1,0.342683298752915,1
"571",1,0.835951844195913,1
"572",1,0.661641175031792,1
"573",1,0.30022946722711,1
"574",1,0.670750394077766,1
"575",0,0.461112825831957,1
"576",0,0.47950070975651,1
"577",0,0.737961553274053,1
"578",1,0.485600782226781,1
"579",0,0.589776319011609,1
"580",0,0.300567740010929,1
"581",1,0.49209025235506,1
"582",0,0.508651536604898,1
"583",0,0.0504724527541963,1
"584",0,0.662903762879781,1
"585",1,0.549420071279686,1
"586",1,0.876212258282779,1
"587",0,0.318213179985819,1
"588",0,0.961843854117425,1
"589",0,0.322720788214732,1
"590",0,0.486259071933698,1
"591",1,0.876870178188328,1
"592",1,0.747696940891455,1
"593",1,0.497361931761972,1
"594",0,0.647953994645644,1
"595",0,0.398363058833261,1
"596",0,0.539847146983065,1
"597",1,0.735006731217314,1
"598",1,0.763138058693213,1
"599",0,0.375202704567871,1
"600",1,0.349326936241721,1
"601",0,0.872531106798998,1
"602",0,7.63299062433208e-05,1
"603",1,0.448889736027979,1
"604",0,0.397968542417657,1
"605",1,0.925172037199434,1
"606",1,0.468935509176137,1
"607",0,0.858333961022861,1
"608",0,0.0372788839976552,1
"609",0,0.671686430359745,1
"610",0,0.302553596876516,1
"611",0,0.484587524704782,1
"612",1,0.74289988203387,1
"613",1,0.839843233812122,1
"614",0,0.151360876219135,1
"615",0,0.573048549301678,1
"616",0,0.624841518872451,1
"617",0,0.58557930000979,1
"618",0,0.651173476878144,1
"619",0,0.352764345645239,1
"620",0,0.0655884671782895,1
"621",0,0.310001034699139,1
"622",1,0.197129714281948,1
"623",1,0.458688242281533,1
"624",0,0.753509524482959,1
"625",0,0.566502530876028,1
"626",1,0.490119612229148,1
"627",1,0.744149966564587,1
"628",1,0.484655449186302,1
"629",1,0.531762010938678,1
"630",1,0.686223348645126,1
"631",1,0.251717457386283,1
"632",1,0.54224258431272,1
"633",0,0.570266191270737,1
"634",0,0.600889641127727,1
"635",1,0.356547503745391,1
"636",0,0.760974292158602,1
"637",0,0.569888243698214,1
"638",0,0.325399062340391,1
"639",0,0.266640800896526,1
"640",0,0.835741553328878,1
"641",1,0.391933493148886,1
"642",0,0.567358408315376,1
"643",1,0.71260814013855,1
"644",0,0.393432328309404,1
"645",1,0.338624780503157,1
"646",1,0.636619216617341,1
"647",0,0.336152261758175,1
"648",0,0.861167317976159,1
"649",1,0.397390443256123,1
"650",0,0.650200364461437,1
"651",1,0.320274331467388,1
"652",0,0.691866648656646,1
"653",1,0.837635749666297,1
"654",1,0.632994803160842,1
"655",0,0.402777545714835,1
"656",0,0.398946509289918,1
"657",0,0.821383170582762,1
"658",0,0.511614358942417,1
"659",1,0.566660464308239,1
"660",0,0.069759020803478,1
"661",0,0.590919265681296,1
"662",1,0.842462624465451,1
"663",1,0.40935729899616,1
"664",0,0.165771225142012,1
"665",1,0.885460078983611,1
"666",1,0.690055606187809,1
"667",0,0.336765838633931,1
"668",1,0.467383035066659,1
"669",0,0.394983647748476,1
"670",1,0.678690919931694,1
"671",1,0.680574920001201,1
"672",1,0.0444045772924922,1
"673",1,0.47253208510615,1
"674",1,0.682511472001239,1
"675",1,0.359221400994472,1
"676",0,0.318191186510602,1
"677",0,0.628020073874739,1
"678",1,0.933532022205,1
"679",1,0.64037248369526,1
"680",0,0.448660441746049,1
"681",1,0.356570580581797,1
"682",1,0.308709560764461,1
"683",1,0.805694032524082,1
"684",1,0.468190411259532,1
"685",0,0.681208540481855,1
"686",0,0.561219107554574,1
"687",1,0.458279891220656,1
"688",0,0.484924003053505,1
"689",1,0.344464749653893,1
"690",0,0.349876584732434,1
"691",0,0.0855663990218781,1
"692",1,0.649456063465105,1
"693",1,0.464592532962686,1
"694",0,0.689749799657885,1
"695",0,0.67746878127565,1
"696",0,0.625024646714629,1
"697",0,0.329171345341459,1
"698",0,0.905160858654822,1
"699",1,0.737032778902197,1
"700",1,0.895660657158389,1
"701",1,0.430014943464411,1
"702",0,0.52754049017773,1
"703",0,0.580309942785507,1
"704",1,0.541580354496036,1
"705",1,0.322144978483074,1
"706",1,0.206348762454453,1
"707",1,0.125413655923145,1
"708",0,0.40761455241711,1
"709",1,0.421853902720398,1
"710",1,0.672948745541708,1
"711",1,0.477537293085217,1
"712",0,0.889151043856166,1
"713",1,0.165094809980286,1
"714",0,0.610881143994362,1
"715",1,0.559591051214804,1
"716",1,0.00470986813449672,1
"717",1,0.496791863651045,1
"718",0,0.326902629534607,1
"719",0,0.792533612755612,1
"720",0,0.520217000469291,1
"721",1,0.501648207574697,1
"722",0,0.746737664371914,1
"723",1,0.679101249877051,1
"724",0,0.467219201062954,1
"725",1,0.703562620155667,1
"726",1,0.319473283347768,1
"727",1,0.541750391884187,1
"728",1,0.063095065452344,1
"729",0,0.49680637328903,1
"730",0,0.646613324624157,1
"731",0,0.156876135742858,1
"732",1,0.663096863173401,1
"733",0,0.424785425641183,1
"734",1,0.836891413869901,1
"735",1,0.822286934677583,1
"736",0,0.407370386574767,1
"737",0,0.559953676928685,1
"738",1,0.666074149151505,1
"739",0,0.513822202052759,1
"740",1,0.513526910256446,1
"741",1,0.580985978780651,1
"742",1,0.461966982094506,1
"743",0,0.633467529293846,1
"744",1,0.724570269631617,1
"745",0,0.352446714677288,1
"746",1,0.751478376854287,1
"747",0,0.399018685353598,1
"748",1,0.473389871155378,1
"749",1,0.456383926784668,1
"750",0,0.473014463401261,1
"751",0,0.463297185118004,1
"752",1,0.845479007094556,1
"753",1,0.889568297793424,1
"754",1,0.600224066263069,1
"755",0,0.567906231778214,1
"756",0,0.495562600283808,1
"757",0,0.38196985623607,1
"758",0,0.492725475210879,1
"759",0,0.370753775445854,1
"760",1,0.453127471180315,1
"761",0,0.356676867842541,1
"762",0,0.183388328205926,1
"763",0,0.685596974047816,1
"764",0,0.288333699144358,1
"765",0,0.739135222670571,1
"766",0,0.351611784720729,1
"767",0,0.379167927869634,1
"768",1,0.651202325607566,1
"769",0,0.28142937378406,1
"770",1,0.729510495267912,1
"771",1,0.32070582468996,1
"772",0,0.400597339937494,1
"773",0,0.376907511676643,1
"774",0,0.401732553306754,1
"775",1,0.837707085734489,1
"776",1,0.552737023455479,1
"777",0,0.283348824394833,1
"778",1,0.999925589177483,1
"779",1,0.711959981533389,1
"780",0,0.690740346160347,1
"781",1,0.660811364098685,1
"782",1,0.482577642506816,1
"783",0,0.33808442038292,1
"784",0,0.302543973050691,1
"785",0,0.286609070831031,1
"786",1,0.611382570366107,1
"787",1,0.424323297037892,1
"788",0,0.338340550178269,1
"789",1,0.413603997383125,1
"790",1,0.640195015464847,1
"791",0,0.389427988391981,1
"792",0,0.332328907128799,1
"793",1,0.910721451483015,1
"794",0,0.401258967651047,1
"795",0,0.531703264821329,1
"796",0,0.405442161419466,1
"797",1,0.803910084311176,1
"798",0,0.396657551523609,1
"799",1,0.476509495048672,1
"800",0,0.856959333491617,1
"801",1,0.3435204478642,1
"802",1,0.416753698207943,1
"803",1,0.324659751509803,1
"804",1,0.35994828237591,1
"805",0,1.00564030823716,1
"806",0,0.46348512479316,1
"807",0,0.326355256717448,1
"808",1,0.345648770651461,1
"809",1,0.39221564430627,1
"810",0,0.839653508838105,1
"811",0,0.314837508989752,1
"812",0,0.580612564968886,1
"813",1,0.478566614586776,1
"814",1,0.16145143069982,1
"815",0,0.701979998233333,1
"816",0,0.587365265468771,1
"817",0,0.507612597555061,1
"818",1,0.485388060386276,1
"819",1,0.469450618268433,1
"820",1,0.505959557347828,1
"821",1,0.32823028358543,1
"822",1,0.470031246611619,1
"823",0,0.76656338440186,1
"824",1,0.78028399041934,1
"825",0,0.880550117295408,1
"826",0,0.782862498372636,1
"827",0,0.15195697474558,1
"828",1,0.625403648523529,1
"829",1,0.816664367747769,1
"830",0,0.901466535190552,1
"831",1,0.670678885357867,1
"832",1,0.443418646918825,1
"833",1,0.402467506653777,1
"834",0,0.884795945617311,1
"835",1,0.450377267624622,1
"836",1,0.678424934519553,1
"837",0,0.603263652338489,1
"838",1,0.486213755688509,1
"839",1,0.748489630210431,1
"840",1,0.298998644700584,1
"841",1,0.804931661767455,1
"842",1,0.894336606102271,1
"843",0,0.322185743656254,1
"844",1,0.454530803232826,1
"845",1,0.653880290440033,1
"846",0,0.844961152367176,1
"847",0,0.139270818103184,1
"848",1,0.657820873007437,1
"849",1,0.58929640800302,1
"850",1,0.404735921171761,1
"851",1,0.470127953515941,1
"852",1,0.397668343624063,1
"853",0,0.315555199969623,1
"854",1,0.385700109559964,1
"855",0,0.223687455613037,1
"856",0,0.47551914247769,1
"857",0,0.731395199048468,1
"858",0,0.664683492184514,1
"859",1,0.376713313707222,1
"860",0,0.677731656070183,1
"861",1,0.547941831831528,1
"862",1,0.671164003978566,1
"863",1,0.745483535345882,1
"864",0,0.819153292659096,1
"865",0,0.321390839589897,1
"866",1,0.470584435760902,1
"867",0,0.43497281606388,1
"868",0,0.750752030030485,1
"869",0,0.601215658929152,1
"870",1,0.581032312462592,1
"871",1,0.696835176988924,1
"872",0,0.474624882782929,1
"873",1,0.486217582923293,1
"874",0,0.40306570296558,1
"875",0,0.784048854149871,1
"876",0,0.290156720988489,1
"877",0,0.603274709084739,1
"878",0,0.653273355352948,1
"879",1,0.494240699086465,1
"880",0,0.745130970636921,1
"881",0,0.460505091123428,1
"882",0,0.341838794548817,1
"883",0,0.782072258326613,1
"884",1,0.339053491985153,1
"885",0,0.519242231654437,1
"886",1,0.654859516525475,1
"887",0,0.74707766700046,1
"888",0,0.343677711106191,1
"889",0,0.0522600914530501,1
"890",1,0.296122516827942,1
"891",1,0.593181404991286,1
"892",0,0.353057569517639,1
"893",0,0.4218844333043,1
"894",0,0.401384118612014,1
"895",1,0.491590620581128,1
"896",0,0.635336316527781,1
"897",1,0.482327967072034,1
"898",1,0.541232085497791,1
"899",0,0.515485140852601,1
"900",0,0.33243529532923,1
"901",0,0.706174037141435,1
"902",1,0.354261737602597,1
"903",1,0.808235854279843,1
"904",0,0.381554011903743,1
"905",1,0.608223151238703,1
"906",1,0.54497893156915,1
"907",1,0.331554653571062,1
"908",0,0.519466373936618,1
"909",0,0.302358071410147,1
"910",1,1.00578864456827,1
"911",0,0.381741594916746,1
"912",1,0.566157410659837,1
"913",0,0.435940468793536,1
"914",1,0.13836498660425,1
"915",0,0.704684548053968,1
"916",1,0.536039694038263,1
"917",0,0.791146322595704,1
"918",1,0.395947916627144,1
"919",0,0.486871503960761,1
"920",0,0.563596553861909,1
"921",0,0.86971770244684,1
"922",0,0.219260864975987,1
"923",0,0.41047212921687,1
"924",1,0.224207624226571,1
"925",0,0.887171419446966,1
"926",0,0.507027751013498,1
"927",1,0.907434515276061,1
"928",1,0.336479617831917,1
"929",1,0.496564701061056,1
"930",0,0.522982279581581,1
"931",1,0.614432660074064,1
"932",0,0.746440903202196,1
"933",1,0.881334531198995,1
"934",1,0.409193025023237,1
"935",0,0.899023858554573,1
"936",1,0.755997773749988,1
"937",0,0.582750571505423,1
"938",1,0.50048060542721,1
"939",0,0.868859422358594,1
"940",1,0.68742595080861,1
"941",1,0.333678362481441,1
"942",1,0.162802510984266,1
"943",1,0.732224356836576,1
"944",1,0.479466800459741,1
"945",0,0.583639544116343,1
"946",0,0.128500903649638,1
"947",1,0.400722318820547,1
"948",0,0.196204376750768,1
"949",0,0.386629037059275,1
"950",0,0.807783618192166,1
"951",0,0.483380960761745,1
"952",0,0.284318445693394,1
"953",1,0.702758394598097,1
"954",1,0.615960344469327,1
"955",0,0.288938372377723,1
"956",0,0.754545479354824,1
"957",1,0.598760246665745,1
"958",0,0.623667005801655,1
"959",1,0.752088650039297,1
"960",0,0.753455570000831,1
"961",0,0.479532087833579,1
"962",1,0.674947146583705,1
"963",1,0.720001541579488,1
"964",1,0.341779156683921,1
"965",1,0.150410810894847,1
"966",1,0.692448517807944,1
"967",0,0.35139731040057,1
"968",1,0.520636075250343,1
"969",1,0.279496929353669,1
"970",1,0.478372207130613,1
"971",1,0.944100725426959,1
"972",0,0.404391586220468,1
"973",0,0.0930620925979615,1
"974",1,0.354262457993346,1
"975",0,0.761264510241145,1
"976",0,0.601800795429843,1
"977",0,0.806380126279823,1
"978",1,0.722053393172811,1
"979",1,0.556780672270564,1
"980",0,0.354185674809632,1
"981",1,0.545005175572447,1
"982",0,0.66550791501715,1
"983",0,0.47732637359053,1
"984",0,0.719935628380296,1
"985",0,0.711691394924441,1
"986",0,0.571302035252758,1
"987",0,0.907805737055175,1
"988",0,0.466035483895757,1
"989",0,0.942354405339358,1
"990",1,0.489015983023708,1
"991",1,0.160365531443917,1
"992",1,0.595488875108359,1
"993",1,0.884217889035512,1
"994",0,0.144365587817814,1
"995",1,0.704791919306825,1
"996",1,0.268016437602897,1
"997",1,0.817493986461451,1
"998",1,0.630532424828847,1
"999",1,0.397557734900392,1
"1000",1,0.738753050950952,1
"1001",1,0.312510625057414,0
"1002",1,0.337596711387174,0
"1003",1,0.344876008916612,0
"1004",1,0.891854086016456,0
"1005",1,0.592808214148645,0
"1006",1,0.507475514569523,0
"1007",1,0.234594465326121,0
"1008",1,0.38178707468019,0
"1009",1,0.746431281443541,0
"1010",1,0.684238879716005,0
"1011",1,0.746908852584699,0
"1012",1,0.912636942665142,0
"1013",1,0.98709090844771,0
"1014",1,0.33609993061227,0
"1015",1,0.151362517757481,0
"1016",1,0.521948778785742,0
"1017",1,0.49055764993683,0
"1018",1,0.461440357856103,0
"1019",1,0.446812651049058,0
"1020",1,0.684427741092364,0
"1021",1,0.570690681923965,0
"1022",1,0.318039648078753,0
"1023",1,0.754224443641336,0
"1024",1,0.532188633886826,0
"1025",1,0.485470542699131,0
"1026",1,0.654961753932534,0
"1027",1,0.533628666398656,0
"1028",1,0.57029101329267,0
"1029",1,0.382472825650255,0
"1030",1,0.461650425882424,0
"1031",1,0.391812086485735,0
"1032",1,0.76393657010805,0
"1033",1,0.45718391964106,0
"1034",1,0.66005984050741,0
"1035",1,0.432147147906182,0
"1036",1,0.458101876166042,0
"1037",1,0.884411622748282,0
"1038",1,0.594311474866857,0
"1039",1,0.164293765625213,0
"1040",1,0.510161601035099,0
"1041",1,0.485976982449613,0
"1042",1,0.572147095465599,0
"1043",1,0.330019437776391,0
"1044",1,0.282768265187538,0
"1045",1,0.903293123621201,0
"1046",1,0.749173551435847,0
"1047",1,0.942522365768423,0
"1048",1,0.455729955841738,0
"1049",1,0.489542200495642,0
"1050",1,0.407531504991093,0
"1051",1,0.355035958548628,0
"1052",1,0.745285757738845,0
"1053",1,0.332205694878862,0
"1054",1,0.573214002503378,0
"1055",1,0.399844868648862,0
"1056",1,0.675815947497527,0
"1057",1,0.383000585130031,0
"1058",1,0.550160829262152,0
"1059",1,0.316108159401231,0
"1060",1,0.252815983298777,0
"1061",1,0.911258181230502,0
"1062",1,0.316533649286207,0
"1063",1,0.445525184402173,0
"1064",1,0.322842290086223,0
"1065",1,0.514351102573182,0
"1066",1,0.32497719379537,0
"1067",1,0.86544818189934,0
"1068",1,0.517222258532889,0
"1069",1,0.840403252109621,0
"1070",1,0.289555125689966,0
"1071",1,0.919513283141987,0
"1072",1,0.485412051918213,0
"1073",1,0.38163341797303,0
"1074",1,0.345844423968884,0
"1075",1,0.747229434794474,0
"1076",1,0.493096858441883,0
"1077",1,0.311303219457619,0
"1078",1,0.485567438367567,0
"1079",1,0.567931000011676,0
"1080",1,0.386829425149228,0
"1081",1,0.29268823898703,0
"1082",1,0.99221066452222,0
"1083",1,0.483989673918918,0
"1084",1,0.288968363507294,0
"1085",1,0.224317006545603,0
"1086",1,0.643103216492919,0
"1087",1,0.622970938530153,0
"1088",1,0.191004687087134,0
"1089",1,0.48505501530944,0
"1090",1,0.157048100300635,0
"1091",1,0.756347033733121,0
"1092",1,0.287836331404282,0
"1093",1,0.297242816328764,0
"1094",1,0.521933594026277,0
"1095",1,0.754702593107359,0
"1096",1,0.467508773569082,0
"1097",1,0.895804880575396,0
"1098",1,0.692214399050119,0
"1099",1,0.846657180292385,0
"1100",1,0.630456813219444,0
"1101",1,0.569535221967515,0
"1102",1,0.151616424983767,0
"1103",1,0.415613394410043,0
"1104",1,0.736169181036378,0
"1105",1,0.465247607860284,0
"1106",1,0.340617327913732,0
"1107",1,0.457229866970349,0
"1108",1,0.336703341238403,0
"1109",1,0.48780909391819,0
"1110",1,0.338977727212721,0
"1111",1,0.65032921517668,0
"1112",1,0.859903233380539,0
"1113",1,0.850278524199612,0
"1114",1,0.485664536547691,0
"1115",1,0.507402411661301,0
"1116",1,0.677653775095612,0
"1117",1,0.605090716266929,0
"1118",1,0.322069276709353,0
"1119",1,0.503524920386835,0
"1120",1,0.386442597604268,0
"1121",1,0.290496241091955,0
"1122",1,0.619410291642581,0
"1123",1,0.829689937044097,0
"1124",1,0.139644057491979,0
"1125",1,0.645784468086875,0
"1126",1,0.675546683994317,0
"1127",1,0.487058432091689,0
"1128",1,0.448747418381012,0
"1129",1,0.489497231267184,0
"1130",1,0.507662242004797,0
"1131",1,0.440069604467617,0
"1132",1,0.567778540297889,0
"1133",1,0.186574872281835,0
"1134",1,0.879662859974433,0
"1135",1,0.751519789421857,0
"1136",1,0.591337914619508,0
"1137",1,0.55573977528358,0
"1138",1,0.458112623397848,0
"1139",1,0.343173405003315,0
"1140",1,0.402447228095179,0
"1141",1,0.447353754944715,0
"1142",1,0.271159746002461,0
"1143",1,0.818880862760751,0
"1144",1,0.7785264895284,0
"1145",1,0.965959068895282,0
"1146",1,0.583311358547757,0
"1147",1,0.483826908813691,0
"1148",1,0.367555902678203,0
"1149",1,0.480299748733926,0
"1150",1,0.466005021168909,0
"1151",1,0.765537088424281,0
"1152",1,0.644522476834453,0
"1153",1,0.28616117520045,0
"1154",1,0.585841307923712,0
"1155",1,0.333263703392397,0
"1156",1,0.654545092920992,0
"1157",1,0.64074354671745,0
"1158",1,0.48901879110855,0
"1159",1,0.599032821219476,0
"1160",1,0.162614430773472,0
"1161",1,0.623093823690837,0
"1162",1,0.122351936137718,0
"1163",1,0.507392171828199,0
"1164",1,0.275113892685501,0
"1165",1,0.319789453957778,0
"1166",1,0.746345999003562,0
"1167",1,0.0496563837856979,0
"1168",1,0.62176628397735,0
"1169",1,0.510683486434339,0
"1170",1,0.225405580491101,0
"1171",1,0.953818667164994,0
"1172",1,0.412730145897909,0
"1173",1,0.880347794778973,0
"1174",1,0.430002131789555,0
"1175",1,0.361644193085204,0
"1176",1,0.321371457465609,0
"1177",1,0.0512505914796905,0
"1178",1,0.101500955492629,0
"1179",1,0.263879730674774,0
"1180",1,0.508389556518156,0
"1181",1,0.150936187640751,0
"1182",1,0.151013907198224,0
"1183",1,0.360875562106226,0
"1184",1,0.483706388028342,0
"1185",1,0.164785299939268,0
"1186",1,0.488408414756347,0
"1187",1,0.837925083727638,0
"1188",1,0.511085106881679,0
"1189",1,0.640118562519361,0
"1190",1,0.793996751040615,0
"1191",1,0.575299772794752,0
"1192",1,0.183257205134373,0
"1193",1,0.375860598813059,0
"1194",1,0.60741591270797,0
"1195",1,0.356429044672328,0
"1196",1,0.318276483204752,0
"1197",1,0.306925978622949,0
"1198",1,0.775769730825604,0
"1199",1,0.603195226204439,0
"1200",1,0.33452987922556,0
"1201",1,0.801030856523112,0
"1202",1,0.495484092396476,0
"1203",1,0.362288801213512,0
"1204",1,0.56785633411052,0
"1205",1,0.243155940686436,0
"1206",1,0.809315068034352,0
"1207",1,0.481868414069334,0
"1208",1,0.373902453314834,0
"1209",1,0.328076490406622,0
"1210",1,0.867033705035598,0
"1211",1,0.754217422381321,0
"1212",1,0.111097317778283,0
"1213",1,0.747034434840031,0
"1214",1,0.899744451370303,0
"1215",1,0.0657233063087656,0
"1216",1,0.573982773677205,0
"1217",1,0.485068990152667,0
"1218",1,0.687961862487696,0
"1219",1,0.5321611171447,0
"1220",1,0.409970406746404,0
"1221",1,0.522399520286595,0
"1222",1,0.0949316548038969,0
"1223",1,0.899870730347234,0
"1224",1,0.534360817623555,0
"1225",1,0.275641585388253,0
"1226",1,0.878842785626366,0
"1227",1,0.522466877024433,0
"1228",1,0.167385012433678,0
"1229",1,0.580648632879964,0
"1230",1,0.751981190039052,0
"1231",1,0.588634949231491,0
"1232",1,0.839794920499428,0
"1233",1,0.549918046735902,0
"1234",1,0.566136718674883,0
"1235",1,0.407356363489673,0
"1236",1,0.208217870359009,0
"1237",1,0.337157597515599,0
"1238",1,0.604423664952858,0
"1239",1,0.352004449272363,0
"1240",1,0.686307921728636,0
"1241",1,0.388071154671497,0
"1242",1,0.904559344162863,0
"1243",1,0.741431867248265,0
"1244",1,0.966932826954384,0
"1245",1,0.75403055240697,0
"1246",1,0.620156040248027,0
"1247",1,0.473140130584701,0
"1248",1,0.483969877705704,0
"1249",1,0.639749268497701,0
"1250",1,0.541449423382938,0
"1251",1,0.924772331563343,0
"1252",1,0.644565386484446,0
"1253",1,0.384000160234239,0
"1254",1,0.342391939438099,0
"1255",1,0.560877364387994,0
"1256",1,0.757968735310691,0
"1257",1,0.667627454228478,0
"1258",1,0.462108836638848,0
"1259",1,0.601496034474245,0
"1260",1,0.784499818329492,0
"1261",1,0.684113898395355,0
"1262",1,0.263817404384646,0
"1263",1,0.464154508137494,0
"1264",1,0.686967838440394,0
"1265",1,0.490630583078892,0
"1266",1,0.404085622806498,0
"1267",1,0.266429256692111,0
"1268",1,0.559241137071483,0
"1269",1,0.000157283141253792,0
"1270",1,0.354411170680634,0
"1271",1,0.394709892411849,0
"1272",1,0.916618535571165,0
"1273",1,0.271239423887765,0
"1274",1,0.438475831976287,0
"1275",1,0.475311059447581,0
"1276",1,0.271811560458215,0
"1277",1,0.407833552227082,0
"1278",1,0.735626566831534,0
"1279",1,0.481386690787042,0
"1280",1,0.638980792959792,0
"1281",1,0.0883725206476008,0
"1282",1,0.575684147750914,0
"1283",1,0.667938864064259,0
"1284",1,0.676124293330214,0
"1285",1,0.268908335905607,0
"1286",1,0.771693300824567,0
"1287",1,0.268939504085135,0
"1288",1,0.744935240409045,0
"1289",1,0.374211971985999,0
"1290",1,0.274552680662438,0
"1291",1,0.705175942570909,0
"1292",1,0.555462643444912,0
"1293",1,0.289490746242169,0
"1294",1,0.703430589945579,0
"1295",1,0.551134418679162,0
"1296",1,0.474594533934859,0
"1297",1,0.13045852305039,0
"1298",1,0.981149599859224,0
"1299",1,0.452825312173086,0
"1300",1,0.734477007297777,0
"1301",1,0.451307124103959,0
"1302",1,0.48102784929855,0
"1303",1,0.680607831640139,0
"1304",1,0.187192296420134,0
"1305",1,0.374312597174446,0
"1306",1,0.52436620862682,0
"1307",1,0.620375865423386,0
"1308",1,0.482737446589679,0
"1309",1,0.51388052841507,0
"1310",1,0.661958935039439,0
"1311",1,0.747377932994161,0
"1312",1,0.754130378591653,0
"1313",1,0.589244601189102,0
"1314",1,0.717862687298136,0
"1315",1,0.652540698589228,0
"1316",1,0.35465019206684,0
"1317",1,0.491515605395937,0
"1318",1,0.354484970846272,0
"1319",1,0.647025298099847,0
"1320",1,0.651862874665295,0
"1321",1,0.667274503847393,0
"1322",1,0.361271287207784,0
"1323",1,0.905166076050041,0
"1324",1,0.881992816633083,0
"1325",1,0.484496932416257,0
"1326",1,0.560752775225645,0
"1327",1,0.325909931664148,0
"1328",1,0.700795371886261,0
"1329",1,0.50151155089093,0
"1330",1,0.485071328746473,0
"1331",1,0.689610044799343,0
"1332",1,0.417099436621291,0
"1333",1,0.26011710781457,0
"1334",1,0.575293619795504,0
"1335",1,0.484370882249577,0
"1336",1,0.356186649293131,0
"1337",1,0.335216368158455,0
"1338",1,0.810905105567838,0
"1339",1,0.162507488687891,0
"1340",1,0.37240370977786,0
"1341",1,0.485477916032889,0
"1342",1,0.485460507681737,0
"1343",1,0.73856741860995,0
"1344",1,0.850790807439584,0
"1345",1,0.887795502355401,0
"1346",1,0.152304674475897,0
"1347",1,0.705386655554526,0
"1348",1,0.602674361889197,0
"1349",1,0.447732171552141,0
"1350",1,0.335164284132164,0
"1351",1,0.436357786691893,0
"1352",1,0.260716439974449,0
"1353",1,0.727819933012644,0
"1354",1,0.400131879153553,0
"1355",1,0.615726705351267,0
"1356",1,0.702368157094843,0
"1357",1,0.658723487328981,0
"1358",1,0.507133619600249,0
"1359",1,0.842793379230925,0
"1360",1,0.678676541678144,0
"1361",1,0.627539725265568,0
"1362",1,0.821740507144143,0
"1363",1,0.605237981431132,0
"1364",1,0.49467451570817,0
"1365",1,0.201547202899802,0
"1366",1,0.702532580197014,0
"1367",1,0.394146296693668,0
"1368",1,0.554083265821138,0
"1369",1,0.318517932709159,0
"1370",1,0.295965232206402,0
"1371",1,0.45862178742225,0
"1372",1,0.285030700078739,0
"1373",1,0.320675270089858,0
"1374",1,0.828107566388863,0
"1375",1,0.360692761692131,0
"1376",1,0.636341927929948,0
"1377",1,0.507338037783007,0
"1378",1,0.297373348864277,0
"1379",1,0.732172485527553,0
"1380",1,0.503603952499358,0
"1381",1,0.706136018139776,0
"1382",1,0.0218390177461375,0
"1383",1,0.310215295584764,0
"1384",1,0.391106804955103,0
"1385",1,0.171384739877637,0
"1386",1,0.280736531972617,0
"1387",1,0.84401065694001,0
"1388",1,0.357183599995034,0
"1389",1,0.522848186311058,0
"1390",1,0.165417615219694,0
"1391",1,0.345630327211289,0
"1392",1,0.40306478022109,0
"1393",1,0.23367814202018,0
"1394",1,0.28136120825284,0
"1395",1,0.585834750837494,0
"1396",1,0.973362668432282,0
"1397",1,0.220098204129947,0
"1398",1,0.353890705678998,0
"1399",1,0.687673295820525,0
"1400",1,0.644069955989827,0
"1401",1,0.630147040076413,0
"1402",1,0.873624263123029,0
"1403",1,0.0120455072043438,0
"1404",1,0.833889688131096,0
"1405",1,0.660210799424446,0
"1406",1,0.327163564833802,0
"1407",1,0.723177438382729,0
"1408",1,0.0222897219368969,0
"1409",1,0.241632030562055,0
"1410",1,0.551926818585308,0
"1411",1,0.858530437786203,0
"1412",1,0.520403050491586,0
"1413",1,0.187514597266635,0
"1414",1,0.413477513898298,0
"1415",1,0.800075607972636,0
"1416",1,0.188486252275889,0
"1417",1,0.542133495882202,0
"1418",1,0.459316194590009,0
"1419",1,0.677582282478533,0
"1420",1,0.625537780844551,0
"1421",1,0.655437982945074,0
"1422",1,0.862068030997805,0
"1423",1,0.840879775867536,0
"1424",1,0.419811433899508,0
"1425",1,0.454853557514159,0
"1426",1,0.767985617740631,0
"1427",1,0.395548554781541,0
"1428",1,0.434489769519765,0
"1429",1,0.750029091532401,0
"1430",1,0.151146569167294,0
"1431",1,0.857769324801598,0
"1432",1,0.992736370288483,0
"1433",1,0.340292813071194,0
"1434",1,0.577610953646349,0
"1435",1,0.338747442989645,0
"1436",1,0.330291255038925,0
"1437",1,0.482948603644756,0
"1438",1,0.331120029642968,0
"1439",1,0.902817452631009,0
"1440",1,0.500482918552039,0
"1441",1,0.75152306379807,0
"1442",1,0.18099046792356,0
"1443",1,0.391498100972342,0
"1444",1,0.342089274791274,0
"1445",1,0.689848677413745,0
"1446",1,0.892027081787292,0
"1447",1,0.656137614545769,0
"1448",1,0.351720046633518,0
"1449",1,0.687528871362004,0
"1450",1,0.680899191801887,0
"1451",1,0.639600138062488,0
"1452",1,0.356979631030614,0
"1453",1,0.609984355545664,0
"1454",1,0.462743842888546,0
"1455",1,0.573164452767228,0
"1456",1,0.621436594747437,0
"1457",1,0.640824596545264,0
"1458",1,0.751670007207018,0
"1459",1,0.00640594174162292,0
"1460",1,0.331794320460003,0
"1461",1,0.763662809535329,0
"1462",1,0.278552296210398,0
"1463",1,0.567359139659844,0
"1464",1,0.471874544430731,0
"1465",1,0.657358796456169,0
"1466",1,0.389767547660254,0
"1467",1,0.598305156801776,0
"1468",1,0.265929305931976,0
"1469",1,0.34044563313082,0
"1470",1,0.324936190894441,0
"1471",1,0.0295002775093196,0
"1472",1,0.811058078811276,0
"1473",1,0.4041493125172,0
"1474",1,0.498592373605755,0
"1475",1,0.550677744049878,0
"1476",1,0.475756984891531,0
"1477",1,0.507765952803374,0
"1478",1,0.301503619947644,0
"1479",1,0.785747434482133,0
"1480",1,0.109461545560381,0
"1481",1,0.880071588226754,0
"1482",1,0.459465256189898,0
"1483",1,0.484311406779335,0
"1484",1,0.352646347783203,0
"1485",1,0.888079770652086,0
"1486",1,0.336956708184489,0
"1487",1,0.502278468986591,0
"1488",1,0.481021093170746,0
"1489",1,0.495935652205395,0
"1490",1,0.429334415571798,0
"1491",1,0.848806893619741,0
"1492",1,0.324515237207016,0
"1493",1,0.563256337652636,0
"1494",1,0.461555896447108,0
"1495",1,0.503312332366993,0
"1496",1,0.326632646642713,0
"1497",1,0.465105212830451,0
"1498",1,0.821572109516845,0
"1499",1,0.176986789276517,0
"1500",1,0.817532385924668,0
"1501",1,0.831248517047742,0
"1502",1,0.327328512669543,0
"1503",1,0.643079158501071,0
"1504",1,0.140480872128667,0
"1505",1,0.680844069689801,0
"1506",1,0.480470990305667,0
"1507",1,0.404774593088535,0
"1508",1,0.652942410688348,0
"1509",1,0.577210939901299,0
"1510",1,0.629262361942676,0
"1511",1,0.872693623088654,0
"1512",1,0.323782741732394,0
"1513",1,0.839831212074996,0
"1514",1,0.339490447087449,0
"1515",1,0.665226662478887,0
"1516",1,0.705682679796783,0
"1517",1,0.353691430108942,0
"1518",1,0.883326947240144,0
"1519",1,0.868813722963469,0
"1520",1,0.702383253642157,0
"1521",1,0.657453510440807,0
"1522",1,0.683490034942917,0
"1523",1,0.835526381671016,0
"1524",1,0.891015773282576,0
"1525",1,0.486520166666882,0
"1526",1,0.405145682977485,0
"1527",1,0.315753561006751,0
"1528",1,0.580270117098757,0
"1529",1,0.674307696536141,0
"1530",1,0.358311929879938,0
"1531",1,0.165503234394055,0
"1532",1,0.38780761338279,0
"1533",1,0.611625656808068,0
"1534",1,0.870359745265628,0
"1535",1,0.539618315462953,0
"1536",1,0.293177595247058,0
"1537",1,0.464144853336624,0
"1538",1,0.745968425963124,0
"1539",1,0.821376418687609,0
"1540",1,0.63131285108148,0
"1541",1,0.644631098096458,0
"1542",1,0.343381308137364,0
"1543",1,0.271372939360915,0
"1544",1,0.236674648242706,0
"1545",1,0.181743941126257,0
"1546",1,0.584979903304163,0
"1547",1,0.852420549927907,0
"1548",1,0.769473186727142,0
"1549",1,0.316089403349316,0
"1550",1,0.222771772684484,0
"1551",1,0.694365973337916,0
"1552",1,0.905094147499119,0
"1553",1,0.464218911938452,0
"1554",1,0.709077193443955,0
"1555",1,0.530322488379348,0
"1556",1,0.821949835735361,0
"1557",1,0.845796976390654,0
"1558",1,0.359936790201432,0
"1559",1,0.916717716426657,0
"1560",1,0.291559321451844,0
"1561",1,0.225363775871142,0
"1562",1,0.398033810237524,0
"1563",1,0.604673764436898,0
"1564",1,0.621821804272489,0
"1565",1,0.752425246045157,0
"1566",1,0.13900865280233,0
"1567",1,0.335808566072728,0
"1568",1,0.485842458726652,0
"1569",1,0.367222911829349,0
"1570",1,0.633262005586828,0
"1571",1,0.775135591471164,0
"1572",1,0.704616557197151,0
"1573",1,0.707025594280328,0
"1574",1,0.69477140594498,0
"1575",1,0.882718049944322,0
"1576",1,0.484995932405456,0
"1577",1,0.61828185815508,0
"1578",1,0.402175609562335,0
"1579",1,0.958934648843199,0
"1580",1,0.390670220074058,0
"1581",1,0.357777697176726,0
"1582",1,0.483253180431507,0
"1583",1,0.6891878956359,0
"1584",1,0.6193117138263,0
"1585",1,0.421445539893453,0
"1586",1,0.484806689558745,0
"1587",1,0.358160543648967,0
"1588",1,0.41347755422317,0
"1589",1,0.576915441215119,0
"1590",1,0.38667240820729,0
"1591",1,0.593839186407422,0
"1592",1,0.58639571032012,0
"1593",1,0.5811605756468,0
"1594",1,0.484457677555343,0
"1595",1,0.595395080795694,0
"1596",1,0.839544993274521,0
"1597",1,0.401424993831477,0
"1598",1,0.649507693690949,0
"1599",1,0.747881066838429,0
"1600",1,0.32278334634927,0
"1601",1,0.48424316999423,0
"1602",1,0.733861027823749,0
"1603",1,0.265103921819419,0
"1604",1,0.477611082931234,0
"1605",1,0.518415075598688,0
"1606",1,0.299471474854721,0
"1607",1,0.751225405867458,0
"1608",1,0.363498103359067,0
"1609",1,0.377292948509996,0
"1610",1,0.706316893806183,0
"1611",1,0.744517322661233,0
"1612",1,0.744490540767706,0
"1613",1,0.789446659875844,0
"1614",1,0.815847429060378,0
"1615",1,0.911363013779292,0
"1616",1,0.486702105852146,0
"1617",1,0.641035626533894,0
"1618",1,0.762638992856653,0
"1619",1,0.344980337361065,0
"1620",1,0.395914009034999,0
"1621",1,0.539089883628333,0
"1622",1,0.531653075281074,0
"1623",1,0.695968639086307,0
"1624",1,0.445510456004358,0
"1625",1,0.168203623359758,0
"1626",1,0.892629404572339,0
"1627",1,0.665260168920263,0
"1628",1,0.317186400722372,0
"1629",1,0.756531806323716,0
"1630",1,0.517896410847603,0
"1631",1,0.826883045677436,0
"1632",1,0.261065283160788,0
"1633",1,0.748492698839275,0
"1634",1,0.363454165108905,0
"1635",1,0.270851724185746,0
"1636",1,0.440027309382773,0
"1637",1,0.325852989283897,0
"1638",1,0.753383470047247,0
"1639",1,0.0233300850089686,0
"1640",1,0.305002779213307,0
"1641",1,0.678698840282987,0
"1642",1,0.142261570317839,0
"1643",1,0.310940196156576,0
"1644",1,0.477311419631399,0
"1645",1,0.159489741466734,0
"1646",1,0.435264690315081,0
"1647",1,0.744775949262079,0
"1648",1,0.470149440918256,0
"1649",1,0.0257378882426757,0
"1650",1,0.0787255079923402,0
"1651",1,0.875903558528832,0
"1652",1,0.903879682373118,0
"1653",1,0.855784435818645,0
"1654",1,0.489950128460538,0
"1655",1,0.83472427702382,0
"1656",1,0.339912680770404,0
"1657",1,0.754182992594523,0
"1658",1,0.432137771091839,0
"1659",1,0.156875138059479,0
"1660",1,0.410812116252235,0
"1661",1,0.490132118742998,0
"1662",1,0.414822529715897,0
"1663",1,0.702326822844024,0
"1664",1,0.420390254435385,0
"1665",1,0.600530028612416,0
"1666",1,0.574921690122029,0
"1667",1,0.386247308574978,0
"1668",1,0.591699404933317,0
"1669",1,0.312329281389682,0
"1670",1,0.309688882856459,0
"1671",1,0.878185650478107,0
"1672",1,0.456808202421907,0
"1673",1,0.703702585071554,0
"1674",1,0.490579185796545,0
"1675",1,0.424222894350786,0
"1676",1,0.746068063598226,0
"1677",1,0.00917664614175565,0
"1678",1,0.510945054243195,0
"1679",1,0.483739312916396,0
"1680",1,0.0994412360575754,0
"1681",1,0.348558119472445,0
"1682",1,0.504830452807603,0
"1683",1,0.684075558737445,0
"1684",1,0.37601568833752,0
"1685",1,0.388729068566589,0
"1686",1,0.516376409004289,0
"1687",1,0.457856737973769,0
"1688",1,0.383953655571756,0
"1689",1,0.290928739135003,0
"1690",1,0.324992056141816,0
"1691",1,0.464387081855604,0
"1692",1,0.710677319995581,0
"1693",1,0.484039352950239,0
"1694",1,0.645022602587409,0
"1695",1,0.666862911472956,0
"1696",1,0.738621342270438,0
"1697",1,0.683006607340405,0
"1698",1,0.847388281160495,0
"1699",1,0.694501026993892,0
"1700",1,0.618623018524135,0
"1701",1,0.619043342512904,0
"1702",1,0.215592246126951,0
"1703",1,0.148453838358217,0
"1704",1,0.50861641752415,0
"1705",1,0.77268861877811,0
"1706",1,0.623144361288699,0
"1707",1,0.875832392111889,0
"1708",1,0.516727335786906,0
"1709",1,0.267027842954401,0
"1710",1,0.133094413278097,0
"1711",1,0.755930048117797,0
"1712",1,0.823363641617681,0
"1713",1,0.652268726198637,0
"1714",1,0.331232086966002,0
"1715",1,0.305461569027789,0
"1716",1,0.479512184728069,0
"1717",1,0.500445931382781,0
"1718",1,0.483092532757486,0
"1719",1,0.499015933539329,0
"1720",1,0.401714734822853,0
"1721",1,0.890103400518854,0
"1722",1,0.279761065910105,0
"1723",1,0.533528868303394,0
"1724",1,0.86510211172893,0
"1725",1,0.697226142846902,0
"1726",1,0.468316490627877,0
"1727",1,0.352122603298093,0
"1728",1,0.94122316847562,0
"1729",1,0.314600096437339,0
"1730",1,0.387721119137077,0
"1731",1,0.417446749146592,0
"1732",1,0.838945953496894,0
"1733",1,0.383208880544868,0
"1734",1,0.589891305748846,0
"1735",1,0.503606673610219,0
"1736",1,0.714850140694828,0
"1737",1,0.482999807822616,0
"1738",1,0.677308567005193,0
"1739",1,0.555392873356329,0
"1740",1,0.889719297757768,0
"1741",1,0.725813155188754,0
"1742",1,0.373437431246999,0
"1743",1,0.921106700182304,0
"1744",1,0.744669376407426,0
"1745",1,0.354804029458833,0
"1746",1,0.752355619939783,0
"1747",1,0.446944046492391,0
"1748",1,0.172051231401136,0
"1749",1,0.670143674897167,0
"1750",1,0.57248536385935,0
"1751",1,0.720435604859753,0
"1752",1,0.495975721824218,0
"1753",1,0.891453529919175,0
"1754",1,0.408622772676279,0
"1755",1,0.436196276231153,0
"1756",1,0.16537969313723,0
"1757",1,0.693839179827581,0
"1758",1,0.461263297017411,0
"1759",1,0.669943139289029,0
"1760",1,0.587819334094921,0
"1761",1,0.392956287335945,0
"1762",1,0.102820388702303,0
"1763",1,0.485488142667991,0
"1764",1,0.741011642457742,0
"1765",1,0.352029041569838,0
"1766",1,0.197439269554948,0
"1767",1,0.85890607429516,0
"1768",1,0.387564877877072,0
"1769",1,0.698036612553424,0
"1770",1,0.736335662900637,0
"1771",1,0.4298017511732,0
"1772",1,0.500888982257171,0
"1773",1,0.697930114184529,0
"1774",1,0.381206340377855,0
"1775",1,0.441894552188983,0
"1776",1,0.630179586926655,0
"1777",1,0.242477796797272,0
"1778",1,0.707365508907865,0
"1779",1,0.605938029750481,0
"1780",1,0.340166641140831,0
"1781",1,0.584306429047256,0
"1782",1,0.755595642903128,0
"1783",1,0.746604072858514,0
"1784",1,0.893647317112459,0
"1785",1,0.745553958905557,0
"1786",1,0.200427193708001,0
"1787",1,0.752866069039914,0
"1788",1,0.6179486679755,0
"1789",1,0.683235843787812,0
"1790",1,0.507340360298146,0
"1791",1,0.44779863794406,0
"1792",1,0.162491815663189,0
"1793",1,0.354356238697066,0
"1794",1,0.651150125174559,0
"1795",1,0.490687042801738,0
"1796",1,0.88808788286636,0
"1797",1,0.60812518361052,0
"1798",1,0.645720714484762,0
"1799",1,0.4631884284524,0
"1800",1,0.484702838593353,0
"1801",1,0.600055804130887,0
"1802",1,0.47452120271367,0
"1803",1,0.159569559383382,0
"1804",1,0.689381632839687,0
"1805",1,0.333303700631104,0
"1806",1,0.664885190970931,0
"1807",1,0.332761439060278,0
"1808",1,0.466325909619584,0
"1809",1,0.479417223970081,0
"1810",1,0.623090850700977,0
"1811",1,0.661806473362828,0
"1812",1,0.500218709138894,0
"1813",1,0.403477250096124,0
"1814",1,0.30492902165434,0
"1815",1,0.549746856425116,0
"1816",1,0.262920005056078,0
"1817",1,0.84308720056433,0
"1818",1,0.817233439046482,0
"1819",1,0.388562610318577,0
"1820",1,0.345796630818318,0
"1821",1,0.688403822617713,0
"1822",1,0.273806224899018,0
"1823",1,0.848773669265494,0
"1824",1,0.603593768076176,0
"1825",1,0.482675465860977,0
"1826",1,0.909627444524537,0
"1827",1,0.636660531335279,0
"1828",1,0.584453161808608,0
"1829",1,0.321512231367037,0
"1830",1,0.387022404370491,0
"1831",1,0.298820433654485,0
"1832",1,0.507562100445986,0
"1833",1,0.162788272352827,0
"1834",1,0.558437646352436,0
"1835",1,0.851567963829112,0
"1836",1,0.835849598791736,0
"1837",1,0.448553259906684,0
"1838",1,0.26097567501478,0
"1839",1,0.209134949477728,0
"1840",1,0.316683593405515,0
"1841",1,0.870628267883747,0
"1842",1,0.946831337402899,0
"1843",1,0.749184550336609,0
"1844",1,0.14894402434823,0
"1845",1,0.621598737753521,0
"1846",1,0.0319219815479409,0
"1847",1,0.155911702425466,0
"1848",1,0.548048272848268,0
"1849",1,0.395031276165761,0
"1850",1,0.930111303896951,0
"1851",1,0.269176457773268,0
"1852",1,0.258715196589366,0
"1853",1,0.262337547607032,0
"1854",1,0.281888968667443,0
"1855",1,0.637803581180264,0
"1856",1,0.160954538459548,0
"1857",1,0.353741660637619,0
"1858",1,0.343474154200672,0
"1859",1,0.498678177498165,0
"1860",1,0.256908664388008,0
"1861",1,0.563659683766832,0
"1862",1,0.0112475496517995,0
"1863",1,0.722864431905606,0
"1864",1,0.675941010695698,0
"1865",1,0.514791058285066,0
"1866",1,0.52884403202628,0
"1867",1,0.584035264933409,0
"1868",1,0.534208754211614,0
"1869",1,0.406455171322683,0
"1870",1,0.540447183006331,0
"1871",1,0.857250866718182,0
"1872",1,0.472350138934923,0
"1873",1,0.730184125789231,0
"1874",1,0.216224610267268,0
"1875",1,0.306492393104587,0
"1876",1,0.718338654696836,0
"1877",1,0.752261513885939,0
"1878",1,0.752597046349728,0
"1879",1,0.283718978034368,0
"1880",1,0.320923557983091,0
"1881",1,0.725486244646422,0
"1882",1,0.727609638250756,0
"1883",1,0.273570117836337,0
"1884",1,0.385963220230995,0
"1885",1,0.315333040742017,0
"1886",1,0.125894168057676,0
"1887",1,0.700639804055415,0
"1888",1,0.696996371532774,0
"1889",1,0.881855517470465,0
"1890",1,0.402030567856886,0
"1891",1,0.352550097314974,0
"1892",1,0.276394382524494,0
"1893",1,0.505001729248521,0
"1894",1,0.0685842892976344,0
"1895",1,0.462287791848005,0
"1896",1,0.28578415757448,0
"1897",1,0.69308460151248,0
"1898",1,0.665624332503767,0
"1899",1,0.316329306532822,0
"1900",1,0.5152330426863,0
"1901",1,0.644451678765386,0
"1902",1,0.561293097522097,0
"1903",1,0.484012185177958,0
"1904",1,0.594982620186069,0
"1905",1,0.573963796006947,0
"1906",1,0.84311807338248,0
"1907",1,0.159200633511121,0
"1908",1,0.319623212804564,0
"1909",1,0.356292656088197,0
"1910",1,0.702105192613725,0
"1911",1,0.571728694801291,0
"1912",1,0.476469920133784,0
"1913",1,0.605966477925995,0
"1914",1,0.500506505924954,0
"1915",1,0.980661804629517,0
"1916",1,0.470725097561421,0
"1917",1,0.279084746282013,0
"1918",1,0.00245356061286133,0
"1919",1,0.349679132838588,0
"1920",1,0.838840430256035,0
"1921",1,0.607940869756881,0
"1922",1,0.355969873810553,0
"1923",1,0.212867152679527,0
"1924",1,0.38691492087495,0
"1925",1,0.312682721293483,0
"1926",1,0.392504351152027,0
"1927",1,0.482460812971128,0
"1928",1,0.420918727862203,0
"1929",1,0.955102757303606,0
"1930",1,0.431432322524905,0
"1931",1,0.361577877424134,0
"1932",1,0.481510283048621,0
"1933",1,0.714387787028567,0
"1934",1,0.319557573464406,0
"1935",1,0.523636443796602,0
"1936",1,0.670443976854748,0
"1937",1,0.438131157009496,0
"1938",1,0.338166775044838,0
"1939",1,0.742795623416043,0
"1940",1,0.488239289007144,0
"1941",1,0.352864683417192,0
"1942",1,0.725664753602456,0
"1943",1,0.639499336688419,0
"1944",1,0.823030271710984,0
"1945",1,0.898585716797248,0
"1946",1,0.337100064118177,0
"1947",1,0.0365497622441989,0
"1948",1,0.559404502181827,0
"1949",1,0.316210232724692,0
"1950",1,0.706692481951012,0
"1951",1,0.365981470412559,0
"1952",1,0.270516649641164,0
"1953",1,0.479262167466817,0
"1954",1,0.99625530438587,0
"1955",1,0.343973796250388,0
"1956",1,0.32208713508058,0
"1957",1,0.618047525796847,0
"1958",1,0.45272292071072,0
"1959",1,0.538559220544079,0
"1960",1,0.55766664940278,0
"1961",1,0.771241065402588,0
"1962",1,0.664986960277764,0
"1963",1,0.911402545610568,0
"1964",1,0.299494133650198,0
"1965",1,0.372749599919315,0
"1966",1,0.0810420134372628,0
"1967",1,0.266146850093302,0
"1968",1,0.748846705513762,0
"1969",1,0.319631015573485,0
"1970",1,0.172560150244639,0
"1971",1,0.479597906922812,0
"1972",1,0.679243507199698,0
"1973",1,0.452973956485139,0
"1974",1,0.562372441685205,0
"1975",1,0.702450798014975,0
"1976",1,0.852046121634827,0
"1977",1,0.415746679973475,0
"1978",1,0.388105110822075,0
"1979",1,0.744937060483701,0
"1980",1,0.29779851187029,0
"1981",1,0.380435678380034,0
"1982",1,0.845635578916997,0
"1983",1,0.135058405198859,0
"1984",1,0.706048510618814,0
"1985",1,0.580602865761574,0
"1986",1,0.492802877124675,0
"1987",1,0.38889994530539,0
"1988",1,0.396518575098126,0
"1989",1,0.26820955112284,0
"1990",1,0.275346728618223,0
"1991",1,0.506181204673364,0
"1992",1,0.830752289062303,0
"1993",1,0.362912385797664,0
"1994",1,0.780859719398479,0
"1995",1,0.35626102909527,0
"1996",1,0.485202722702109,0
"1997",1,0.757909647088631,0
"1998",1,0.211976708376492,0
"1999",1,0.332266635456912,0
"2000",1,0.986417915494913,0
